iter	Accuracy_SumError	Accuracy_SumWeight	MultiClass_SumError	MultiClass_SumWeight
0	1923	2100	2787.629539	2100
1	1935	2100	2664.538387	2100
2	1940	2100	2575.051923	2100
3	1968	2100	2478.45194	2100
4	1962	2100	2385.718997	2100
5	1964	2100	2295.931941	2100
6	1967	2100	2216.591219	2100
7	1963	2100	2142.925206	2100
8	1957	2100	2076.674744	2100
9	1965	2100	2011.174205	2100
10	1966	2100	1954.124182	2100
11	1964	2100	1891.119922	2100
12	1975	2100	1833.260889	2100
13	1974	2100	1780.41775	2100
14	1975	2100	1730.390116	2100
15	1982	2100	1677.955762	2100
16	1982	2100	1638.530197	2100
17	1989	2100	1588.163263	2100
18	1988	2100	1545.988426	2100
19	1984	2100	1506.471108	2100
20	1990	2100	1465.147521	2100
21	1992	2100	1429.093145	2100
22	1987	2100	1392.198212	2100
23	1989	2100	1356.934994	2100
24	1991	2100	1327.896432	2100
25	1994	2100	1295.731254	2100
26	1995	2100	1264.479623	2100
27	1998	2100	1233.241018	2100
28	1999	2100	1202.584401	2100
29	1999	2100	1177.217433	2100
30	1997	2100	1150.44143	2100
31	2000	2100	1125.53485	2100
32	2000	2100	1100.55299	2100
33	2001	2100	1079.148241	2100
34	2002	2100	1056.301821	2100
35	2005	2100	1035.209414	2100
36	2005	2100	1016.79676	2100
37	2005	2100	997.4988009	2100
38	2003	2100	977.1822094	2100
39	2005	2100	957.4061596	2100
40	2006	2100	938.0290348	2100
41	2006	2100	919.5525711	2100
42	2011	2100	901.4645308	2100
43	2011	2100	884.3400984	2100
44	2010	2100	867.2609225	2100
45	2011	2100	851.8535964	2100
46	2007	2100	836.0300325	2100
47	2010	2100	823.3517238	2100
48	2010	2100	809.9827602	2100
49	2013	2100	796.343835	2100
50	2012	2100	781.919298	2100
51	2011	2100	767.9081674	2100
52	2011	2100	753.7838282	2100
53	2011	2100	740.4473564	2100
54	2012	2100	726.7795224	2100
55	2010	2100	714.5820688	2100
56	2014	2100	703.7158636	2100
57	2014	2100	690.830358	2100
58	2014	2100	679.5760429	2100
59	2014	2100	669.6626191	2100
60	2014	2100	660.1030621	2100
61	2014	2100	649.5236318	2100
62	2017	2100	640.1269475	2100
63	2016	2100	630.9239518	2100
64	2016	2100	621.0353865	2100
65	2016	2100	611.4730552	2100
66	2017	2100	602.6774511	2100
67	2018	2100	593.5588529	2100
68	2019	2100	586.919393	2100
69	2021	2100	579.5887915	2100
70	2021	2100	571.9083656	2100
71	2022	2100	563.6702163	2100
72	2023	2100	556.7960161	2100
73	2022	2100	549.9615416	2100
74	2022	2100	542.8243028	2100
75	2021	2100	535.1469501	2100
76	2021	2100	527.5568884	2100
77	2021	2100	520.5025516	2100
78	2021	2100	514.1276002	2100
79	2021	2100	507.1332276	2100
80	2022	2100	500.5381024	2100
81	2022	2100	494.6125733	2100
82	2022	2100	488.973089	2100
83	2022	2100	483.6247968	2100
84	2023	2100	477.8255248	2100
85	2023	2100	472.8821379	2100
86	2023	2100	467.5759061	2100
87	2023	2100	463.2505845	2100
88	2023	2100	457.8422	2100
89	2024	2100	453.2645382	2100
90	2025	2100	447.9294001	2100
91	2025	2100	443.1832711	2100
92	2027	2100	438.5698235	2100
93	2027	2100	434.3827132	2100
94	2028	2100	429.4530991	2100
95	2028	2100	424.2689161	2100
96	2028	2100	419.970199	2100
97	2028	2100	415.3116319	2100
98	2028	2100	411.3935146	2100
99	2029	2100	406.8555046	2100
100	2029	2100	402.6219933	2100
101	2028	2100	398.3675701	2100
102	2029	2100	393.8897624	2100
103	2029	2100	390.6678679	2100
104	2029	2100	386.9834485	2100
105	2029	2100	382.9499529	2100
106	2029	2100	380.0560237	2100
107	2029	2100	376.1015807	2100
108	2030	2100	372.6728798	2100
109	2030	2100	369.3549141	2100
110	2029	2100	366.0964819	2100
111	2029	2100	363.3302986	2100
112	2030	2100	360.3349088	2100
113	2030	2100	357.4158164	2100
114	2030	2100	354.6518911	2100
115	2031	2100	351.8123344	2100
116	2032	2100	348.8510327	2100
117	2033	2100	345.9141068	2100
118	2034	2100	342.7004367	2100
119	2032	2100	339.6274571	2100
120	2034	2100	336.6344264	2100
121	2033	2100	333.6239162	2100
122	2035	2100	330.9989373	2100
123	2035	2100	327.8233026	2100
124	2035	2100	325.4104486	2100
125	2035	2100	323.315888	2100
126	2035	2100	320.7611611	2100
127	2035	2100	318.5775138	2100
128	2035	2100	316.267807	2100
129	2036	2100	313.8465699	2100
130	2036	2100	311.4577133	2100
131	2036	2100	309.0190085	2100
132	2037	2100	307.002299	2100
133	2037	2100	304.8402779	2100
134	2036	2100	302.1798678	2100
135	2037	2100	300.1634647	2100
136	2037	2100	297.5073259	2100
137	2039	2100	295.364884	2100
138	2038	2100	293.4787828	2100
139	2038	2100	291.0033334	2100
140	2039	2100	288.7971341	2100
141	2040	2100	286.8639753	2100
142	2041	2100	284.6335034	2100
143	2041	2100	282.3363492	2100
144	2042	2100	280.7297702	2100
145	2042	2100	279.334464	2100
146	2043	2100	277.3276288	2100
147	2043	2100	275.5794274	2100
148	2043	2100	273.2576484	2100
149	2044	2100	271.7307332	2100
150	2045	2100	269.8908432	2100
151	2046	2100	268.0035274	2100
152	2045	2100	266.3013493	2100
153	2047	2100	264.5846876	2100
154	2047	2100	262.8420294	2100
155	2047	2100	261.3263335	2100
156	2049	2100	259.4742544	2100
157	2049	2100	257.684316	2100
158	2051	2100	256.1945649	2100
159	2050	2100	254.412214	2100
160	2050	2100	252.9038059	2100
161	2050	2100	251.2628315	2100
162	2051	2100	249.9937211	2100
163	2051	2100	248.2904215	2100
164	2050	2100	247.1286414	2100
165	2051	2100	245.272579	2100
166	2054	2100	243.6982741	2100
167	2055	2100	242.0150037	2100
168	2055	2100	240.0509636	2100
169	2055	2100	238.7483054	2100
170	2054	2100	237.1414455	2100
171	2055	2100	235.8375043	2100
172	2055	2100	234.7208105	2100
173	2055	2100	232.9920155	2100
174	2056	2100	231.5237487	2100
175	2056	2100	230.483002	2100
176	2056	2100	229.1970353	2100
177	2057	2100	227.8521914	2100
178	2057	2100	226.1278905	2100
179	2057	2100	224.8013359	2100
180	2058	2100	223.9352488	2100
181	2057	2100	222.7800367	2100
182	2056	2100	221.7257168	2100
183	2058	2100	220.6890412	2100
184	2058	2100	219.6446568	2100
185	2058	2100	218.5029894	2100
186	2058	2100	217.5867199	2100
187	2058	2100	216.6611424	2100
188	2058	2100	215.553027	2100
189	2058	2100	214.2849991	2100
190	2059	2100	213.1141278	2100
191	2059	2100	212.0536014	2100
192	2057	2100	210.9470426	2100
193	2058	2100	210.0709224	2100
194	2058	2100	208.6954066	2100
195	2058	2100	207.7419433	2100
196	2058	2100	206.8650593	2100
197	2058	2100	205.9330812	2100
198	2058	2100	205.0915799	2100
199	2058	2100	204.1902974	2100
200	2058	2100	203.3661188	2100
201	2058	2100	202.5992339	2100
202	2059	2100	201.8569823	2100
203	2059	2100	200.8934135	2100
204	2059	2100	199.7602951	2100
205	2060	2100	198.7305645	2100
206	2060	2100	197.7142637	2100
207	2060	2100	196.5860601	2100
208	2060	2100	195.4951394	2100
209	2060	2100	194.6109947	2100
210	2060	2100	193.9689972	2100
211	2060	2100	193.1421748	2100
212	2060	2100	192.3419724	2100
213	2060	2100	191.3977213	2100
214	2060	2100	190.8876373	2100
215	2060	2100	190.1017258	2100
216	2060	2100	188.9771409	2100
217	2060	2100	188.1606831	2100
218	2060	2100	187.4680939	2100
219	2060	2100	186.7153862	2100
220	2061	2100	185.8633481	2100
221	2060	2100	185.1467046	2100
222	2061	2100	184.4817214	2100
223	2061	2100	183.5014386	2100
224	2062	2100	182.4704108	2100
225	2062	2100	181.6634483	2100
226	2062	2100	181.183489	2100
227	2062	2100	180.4271029	2100
228	2063	2100	179.6736192	2100
229	2063	2100	178.969142	2100
230	2063	2100	178.1193815	2100
231	2063	2100	177.4696179	2100
232	2063	2100	176.8540614	2100
233	2064	2100	175.9676604	2100
234	2064	2100	175.1304561	2100
235	2065	2100	174.3501354	2100
236	2065	2100	173.6548368	2100
237	2065	2100	173.1084866	2100
238	2066	2100	172.3102979	2100
239	2067	2100	171.7030923	2100
240	2067	2100	171.2342015	2100
241	2068	2100	170.4548147	2100
242	2067	2100	169.6595488	2100
243	2067	2100	168.9944022	2100
244	2067	2100	168.3406085	2100
245	2067	2100	167.8843486	2100
246	2067	2100	167.0483391	2100
247	2067	2100	166.3663435	2100
248	2067	2100	165.7755991	2100
249	2067	2100	165.1754031	2100
250	2069	2100	164.4401118	2100
251	2068	2100	163.9300547	2100
252	2069	2100	163.3757968	2100
253	2068	2100	162.7717811	2100
254	2069	2100	162.3825089	2100
255	2070	2100	161.7937634	2100
256	2070	2100	161.2951315	2100
257	2070	2100	160.5981234	2100
258	2070	2100	159.7826545	2100
259	2070	2100	158.9878429	2100
260	2070	2100	158.3417842	2100
261	2070	2100	157.7810508	2100
262	2070	2100	157.3773322	2100
263	2070	2100	156.9356677	2100
264	2070	2100	156.4133188	2100
265	2071	2100	155.8268237	2100
266	2071	2100	155.2842813	2100
267	2070	2100	154.7374661	2100
268	2071	2100	154.0053563	2100
269	2072	2100	153.3581675	2100
270	2073	2100	152.9619507	2100
271	2073	2100	152.4927753	2100
272	2073	2100	151.9165	2100
273	2073	2100	151.5006757	2100
274	2073	2100	151.1533816	2100
275	2076	2100	150.687416	2100
276	2077	2100	150.0136791	2100
277	2076	2100	149.3824594	2100
278	2076	2100	148.8152875	2100
279	2078	2100	148.3962075	2100
280	2077	2100	147.8000078	2100
281	2078	2100	147.3322989	2100
282	2078	2100	146.9243185	2100
283	2077	2100	146.3956014	2100
284	2077	2100	145.7245857	2100
285	2078	2100	145.0121867	2100
286	2078	2100	144.5603373	2100
287	2078	2100	144.1418512	2100
288	2078	2100	143.7181636	2100
289	2077	2100	143.302557	2100
290	2078	2100	142.8149153	2100
291	2078	2100	142.2560134	2100
292	2078	2100	141.760813	2100
293	2078	2100	141.4031131	2100
294	2078	2100	140.8713678	2100
295	2078	2100	140.4373091	2100
296	2078	2100	140.0010583	2100
297	2078	2100	139.6185765	2100
298	2079	2100	139.0431423	2100
299	2079	2100	138.6387066	2100
300	2081	2100	138.1783458	2100
301	2081	2100	137.7320488	2100
302	2081	2100	137.1460422	2100
303	2081	2100	136.6765985	2100
304	2081	2100	136.1166249	2100
305	2081	2100	135.7865066	2100
306	2081	2100	135.3695385	2100
307	2081	2100	134.7571865	2100
308	2081	2100	134.2227364	2100
309	2081	2100	133.793287	2100
310	2081	2100	133.2072015	2100
311	2081	2100	132.8980321	2100
312	2082	2100	132.4313244	2100
313	2082	2100	131.9552992	2100
314	2082	2100	131.6461958	2100
315	2082	2100	131.0245423	2100
316	2082	2100	130.5065935	2100
317	2082	2100	130.2156949	2100
318	2082	2100	129.731215	2100
319	2082	2100	129.3490331	2100
320	2083	2100	128.9057486	2100
321	2083	2100	128.715727	2100
322	2084	2100	128.2423433	2100
323	2084	2100	128.0115542	2100
324	2085	2100	127.5724775	2100
325	2085	2100	127.2178236	2100
326	2085	2100	126.9647849	2100
327	2085	2100	126.6564861	2100
328	2085	2100	126.3935785	2100
329	2085	2100	125.9099704	2100
330	2085	2100	125.6654855	2100
331	2085	2100	125.3712131	2100
332	2085	2100	124.9219171	2100
333	2086	2100	124.4921677	2100
334	2086	2100	123.980964	2100
335	2086	2100	123.6126885	2100
336	2086	2100	123.1432891	2100
337	2086	2100	122.6877522	2100
338	2086	2100	122.1804306	2100
339	2086	2100	121.8437538	2100
340	2086	2100	121.4290089	2100
341	2086	2100	120.9350611	2100
342	2086	2100	120.6389249	2100
343	2086	2100	120.3502299	2100
344	2086	2100	120.0874436	2100
345	2086	2100	119.701618	2100
346	2086	2100	119.291533	2100
347	2086	2100	118.944815	2100
348	2086	2100	118.6470764	2100
349	2086	2100	118.2628298	2100
350	2087	2100	117.8326445	2100
351	2087	2100	117.595099	2100
352	2087	2100	117.3130027	2100
353	2087	2100	117.0735351	2100
354	2087	2100	116.828543	2100
355	2087	2100	116.3789143	2100
356	2087	2100	115.8390228	2100
357	2087	2100	115.4681831	2100
358	2087	2100	115.183957	2100
359	2087	2100	114.9739881	2100
360	2087	2100	114.6891585	2100
361	2087	2100	114.4611822	2100
362	2087	2100	114.2152177	2100
363	2087	2100	114.0099154	2100
364	2087	2100	113.6502887	2100
365	2087	2100	113.3597473	2100
366	2088	2100	113.0153005	2100
367	2088	2100	112.7530536	2100
368	2088	2100	112.4483977	2100
369	2088	2100	112.0392153	2100
370	2088	2100	111.6038803	2100
371	2088	2100	111.3170729	2100
372	2088	2100	110.9972955	2100
373	2088	2100	110.7751017	2100
374	2088	2100	110.4951354	2100
375	2089	2100	110.1298557	2100
376	2089	2100	109.7890225	2100
377	2089	2100	109.5688801	2100
378	2089	2100	109.3708329	2100
379	2090	2100	109.0608032	2100
380	2090	2100	108.7667784	2100
381	2090	2100	108.5195477	2100
382	2090	2100	108.3258711	2100
383	2090	2100	108.0770512	2100
384	2091	2100	107.9443049	2100
385	2091	2100	107.733078	2100
386	2091	2100	107.3854808	2100
387	2091	2100	106.9560109	2100
388	2091	2100	106.7853869	2100
389	2091	2100	106.5648883	2100
390	2091	2100	106.1764273	2100
391	2091	2100	105.9034244	2100
392	2091	2100	105.5960993	2100
393	2091	2100	105.1677282	2100
394	2091	2100	104.8313943	2100
395	2091	2100	104.6281446	2100
396	2091	2100	104.410718	2100
397	2091	2100	104.3007645	2100
398	2091	2100	104.0171747	2100
399	2091	2100	103.6337646	2100
400	2091	2100	103.3287899	2100
401	2091	2100	103.0394468	2100
402	2091	2100	102.7659482	2100
403	2091	2100	102.5564063	2100
404	2091	2100	102.3747595	2100
405	2091	2100	102.1780375	2100
406	2091	2100	101.9638531	2100
407	2091	2100	101.7194703	2100
408	2091	2100	101.5544311	2100
409	2092	2100	101.2715872	2100
410	2092	2100	101.0087797	2100
411	2092	2100	100.775048	2100
412	2092	2100	100.4491748	2100
413	2092	2100	100.0728008	2100
414	2092	2100	99.88234005	2100
415	2092	2100	99.68370634	2100
416	2092	2100	99.49480848	2100
417	2092	2100	99.37375019	2100
418	2093	2100	99.15749318	2100
419	2093	2100	98.8399593	2100
420	2093	2100	98.57606218	2100
421	2094	2100	98.3375202	2100
422	2094	2100	97.99876701	2100
423	2094	2100	97.80377148	2100
424	2094	2100	97.62913067	2100
425	2094	2100	97.38427564	2100
426	2094	2100	97.10731293	2100
427	2095	2100	96.96902945	2100
428	2094	2100	96.81506703	2100
429	2094	2100	96.61473968	2100
430	2094	2100	96.42650409	2100
431	2095	2100	96.14971842	2100
432	2095	2100	96.03685758	2100
433	2094	2100	95.86824967	2100
434	2094	2100	95.62755221	2100
435	2094	2100	95.3803977	2100
436	2094	2100	95.15409345	2100
437	2094	2100	94.83953595	2100
438	2094	2100	94.71876015	2100
439	2094	2100	94.48414854	2100
440	2094	2100	94.31543158	2100
441	2094	2100	94.10658475	2100
442	2094	2100	93.92488365	2100
443	2095	2100	93.62075119	2100
444	2096	2100	93.38220822	2100
445	2096	2100	93.28039374	2100
446	2096	2100	93.00224909	2100
447	2096	2100	92.73005039	2100
448	2096	2100	92.4870258	2100
449	2096	2100	92.24816878	2100
450	2096	2100	92.02792079	2100
451	2096	2100	91.82361003	2100
452	2095	2100	91.62317363	2100
453	2095	2100	91.28737022	2100
454	2096	2100	91.12504934	2100
455	2096	2100	90.84230118	2100
456	2096	2100	90.69388057	2100
457	2096	2100	90.58188492	2100
458	2096	2100	90.37350924	2100
459	2096	2100	90.17613914	2100
460	2096	2100	90.09547622	2100
461	2096	2100	89.87035473	2100
462	2096	2100	89.69692391	2100
463	2096	2100	89.51458864	2100
464	2096	2100	89.33134725	2100
465	2096	2100	89.09158103	2100
466	2096	2100	88.80799684	2100
467	2096	2100	88.64037181	2100
468	2096	2100	88.41987245	2100
469	2096	2100	88.22124984	2100
470	2096	2100	88.14017567	2100
471	2096	2100	87.91018698	2100
472	2097	2100	87.63600421	2100
473	2097	2100	87.55639421	2100
474	2097	2100	87.42083913	2100
475	2097	2100	87.18852672	2100
476	2096	2100	87.04556434	2100
477	2097	2100	86.83393624	2100
478	2097	2100	86.63802567	2100
479	2097	2100	86.47560242	2100
480	2097	2100	86.31149887	2100
481	2097	2100	86.10036894	2100
482	2097	2100	85.85200815	2100
483	2097	2100	85.62323919	2100
484	2097	2100	85.49772262	2100
485	2097	2100	85.37451209	2100
486	2097	2100	85.1836277	2100
487	2097	2100	84.93127095	2100
488	2097	2100	84.76501666	2100
489	2097	2100	84.50868117	2100
490	2097	2100	84.38836926	2100
491	2097	2100	84.25652607	2100
492	2097	2100	84.00814433	2100
493	2097	2100	83.82969617	2100
494	2097	2100	83.67640623	2100
495	2097	2100	83.50889955	2100
496	2097	2100	83.28006502	2100
497	2097	2100	83.08287461	2100
498	2097	2100	82.85025311	2100
499	2097	2100	82.62676998	2100
500	2097	2100	82.40488229	2100
501	2097	2100	82.27862872	2100
502	2097	2100	82.08235547	2100
503	2097	2100	81.84783477	2100
504	2097	2100	81.7193023	2100
505	2097	2100	81.59346545	2100
506	2097	2100	81.51942282	2100
507	2097	2100	81.4071375	2100
508	2098	2100	81.21168976	2100
509	2098	2100	81.07657005	2100
510	2098	2100	80.77843375	2100
511	2098	2100	80.63507522	2100
512	2098	2100	80.56428867	2100
513	2098	2100	80.47458053	2100
514	2098	2100	80.37850236	2100
515	2098	2100	80.22286959	2100
516	2098	2100	80.02716754	2100
517	2098	2100	79.77711823	2100
518	2098	2100	79.64967784	2100
519	2098	2100	79.5232798	2100
520	2098	2100	79.41045802	2100
521	2098	2100	79.25210863	2100
522	2098	2100	79.03509592	2100
523	2098	2100	78.84125256	2100
524	2098	2100	78.74742875	2100
525	2098	2100	78.66156511	2100
526	2098	2100	78.4606104	2100
527	2098	2100	78.27955901	2100
528	2098	2100	78.13700275	2100
529	2098	2100	77.95363448	2100
530	2098	2100	77.74179222	2100
531	2098	2100	77.59471711	2100
532	2099	2100	77.42405831	2100
533	2098	2100	77.3064444	2100
534	2099	2100	77.1589444	2100
535	2098	2100	77.06080723	2100
536	2099	2100	76.88893365	2100
537	2099	2100	76.75373332	2100
538	2099	2100	76.54477497	2100
539	2098	2100	76.44775453	2100
540	2099	2100	76.28146482	2100
541	2099	2100	76.18499716	2100
542	2099	2100	76.06563196	2100
543	2098	2100	75.85162194	2100
544	2099	2100	75.73588094	2100
545	2099	2100	75.62068453	2100
546	2099	2100	75.5018063	2100
547	2099	2100	75.30405828	2100
548	2099	2100	75.13062683	2100
549	2099	2100	74.97450285	2100
550	2099	2100	74.88237298	2100
551	2099	2100	74.68321163	2100
552	2099	2100	74.52966535	2100
553	2099	2100	74.35253411	2100
554	2099	2100	74.21713831	2100
555	2099	2100	74.03407596	2100
556	2099	2100	73.84150418	2100
557	2099	2100	73.72687464	2100
558	2099	2100	73.49210883	2100
559	2099	2100	73.37501466	2100
560	2099	2100	73.29835573	2100
561	2099	2100	73.10327938	2100
562	2099	2100	73.04659823	2100
563	2099	2100	72.85765464	2100
564	2099	2100	72.71934514	2100
565	2099	2100	72.64246206	2100
566	2099	2100	72.48195592	2100
567	2099	2100	72.374987	2100
568	2099	2100	72.14436687	2100
569	2099	2100	71.96154923	2100
570	2099	2100	71.89541242	2100
571	2099	2100	71.7873651	2100
572	2099	2100	71.68297289	2100
573	2099	2100	71.54482284	2100
574	2099	2100	71.43280283	2100
575	2099	2100	71.31613557	2100
576	2099	2100	71.18569467	2100
577	2099	2100	70.99347704	2100
578	2099	2100	70.85398821	2100
579	2099	2100	70.7308295	2100
580	2099	2100	70.61707631	2100
581	2099	2100	70.47055305	2100
582	2099	2100	70.29848307	2100
583	2099	2100	70.17273221	2100
584	2099	2100	70.00309816	2100
585	2099	2100	69.86127025	2100
586	2099	2100	69.72843033	2100
587	2099	2100	69.58222627	2100
588	2099	2100	69.50570002	2100
589	2099	2100	69.43263396	2100
590	2099	2100	69.39794012	2100
591	2099	2100	69.29881912	2100
592	2099	2100	69.22046709	2100
593	2099	2100	69.12387939	2100
594	2099	2100	69.0011694	2100
595	2099	2100	68.84894	2100
596	2099	2100	68.76731419	2100
597	2099	2100	68.61293381	2100
598	2099	2100	68.42526314	2100
599	2099	2100	68.31823627	2100
600	2099	2100	68.26661135	2100
601	2099	2100	68.15210516	2100
602	2099	2100	67.99297985	2100
603	2099	2100	67.87645543	2100
604	2099	2100	67.78531086	2100
605	2099	2100	67.63286281	2100
606	2099	2100	67.52128981	2100
607	2099	2100	67.36626875	2100
608	2099	2100	67.21292589	2100
609	2099	2100	67.11301132	2100
610	2099	2100	67.01050523	2100
611	2099	2100	66.81707953	2100
612	2099	2100	66.68430441	2100
613	2099	2100	66.55101578	2100
614	2099	2100	66.43455742	2100
615	2099	2100	66.31032876	2100
616	2099	2100	66.16265586	2100
617	2099	2100	66.00582685	2100
618	2099	2100	65.87959976	2100
619	2099	2100	65.81090013	2100
620	2099	2100	65.78102655	2100
621	2099	2100	65.69379865	2100
622	2099	2100	65.53830252	2100
623	2099	2100	65.47690964	2100
624	2099	2100	65.30104057	2100
625	2099	2100	65.17323796	2100
626	2099	2100	64.98786713	2100
627	2099	2100	64.8938944	2100
628	2099	2100	64.7688051	2100
629	2099	2100	64.66288841	2100
630	2099	2100	64.5182148	2100
631	2099	2100	64.42975945	2100
632	2099	2100	64.33706964	2100
633	2099	2100	64.1272429	2100
634	2099	2100	63.98664321	2100
635	2099	2100	63.81780493	2100
636	2099	2100	63.66598272	2100
637	2100	2100	63.60149451	2100
638	2100	2100	63.4712352	2100
639	2100	2100	63.36573524	2100
640	2100	2100	63.27159423	2100
641	2100	2100	63.17388772	2100
642	2100	2100	63.02961764	2100
643	2100	2100	62.93486002	2100
644	2100	2100	62.82769306	2100
645	2100	2100	62.71062447	2100
646	2100	2100	62.56489491	2100
647	2100	2100	62.44626698	2100
648	2100	2100	62.38983279	2100
649	2100	2100	62.22739263	2100
650	2100	2100	62.13933558	2100
651	2100	2100	62.04306931	2100
652	2100	2100	61.97270889	2100
653	2100	2100	61.84902407	2100
654	2100	2100	61.73980667	2100
655	2100	2100	61.68434826	2100
656	2100	2100	61.57199381	2100
657	2100	2100	61.42584696	2100
658	2100	2100	61.30245375	2100
659	2100	2100	61.18008865	2100
660	2100	2100	61.01931254	2100
661	2100	2100	60.97095672	2100
662	2100	2100	60.82249666	2100
663	2100	2100	60.77786781	2100
664	2100	2100	60.7189364	2100
665	2100	2100	60.60620949	2100
666	2100	2100	60.51757438	2100
667	2100	2100	60.40862742	2100
668	2100	2100	60.32131486	2100
669	2100	2100	60.22016143	2100
670	2100	2100	60.1533054	2100
671	2100	2100	60.06691539	2100
672	2100	2100	59.90242523	2100
673	2100	2100	59.76534317	2100
674	2100	2100	59.67596271	2100
675	2100	2100	59.62595624	2100
676	2100	2100	59.54144083	2100
677	2100	2100	59.49569497	2100
678	2100	2100	59.43028765	2100
679	2100	2100	59.32649453	2100
680	2100	2100	59.16184308	2100
681	2100	2100	59.04428618	2100
682	2100	2100	58.88578321	2100
683	2100	2100	58.74930293	2100
684	2100	2100	58.67160202	2100
685	2100	2100	58.60057817	2100
686	2100	2100	58.4789178	2100
687	2100	2100	58.37967055	2100
688	2100	2100	58.29180475	2100
689	2100	2100	58.15180388	2100
690	2100	2100	58.05975304	2100
691	2100	2100	57.9480893	2100
692	2100	2100	57.87799221	2100
693	2100	2100	57.78781039	2100
694	2100	2100	57.68659658	2100
695	2100	2100	57.64297551	2100
696	2100	2100	57.58567421	2100
697	2100	2100	57.50613569	2100
698	2100	2100	57.40891768	2100
699	2100	2100	57.3232896	2100
700	2100	2100	57.23445432	2100
701	2100	2100	57.1939966	2100
702	2100	2100	57.07119581	2100
703	2100	2100	56.99249091	2100
704	2100	2100	56.91039123	2100
705	2100	2100	56.80328122	2100
706	2100	2100	56.68245356	2100
707	2100	2100	56.56609741	2100
708	2100	2100	56.46508618	2100
709	2100	2100	56.34288068	2100
710	2100	2100	56.23783225	2100
711	2100	2100	56.10420743	2100
712	2100	2100	56.01327269	2100
713	2100	2100	55.97953475	2100
714	2100	2100	55.9394117	2100
715	2100	2100	55.85407901	2100
716	2100	2100	55.77301388	2100
717	2100	2100	55.63544384	2100
718	2100	2100	55.52236314	2100
719	2100	2100	55.44688964	2100
720	2100	2100	55.4016647	2100
721	2100	2100	55.3252458	2100
722	2100	2100	55.20973705	2100
723	2100	2100	55.0989603	2100
724	2100	2100	55.01654699	2100
725	2100	2100	54.87985537	2100
726	2100	2100	54.83873858	2100
727	2100	2100	54.78883606	2100
728	2100	2100	54.72129829	2100
729	2100	2100	54.65816554	2100
730	2100	2100	54.60168267	2100
731	2100	2100	54.49882931	2100
732	2100	2100	54.39074868	2100
733	2100	2100	54.25712397	2100
734	2100	2100	54.21468455	2100
735	2100	2100	54.1324463	2100
736	2100	2100	54.02252435	2100
737	2100	2100	53.98831351	2100
738	2100	2100	53.90683496	2100
739	2100	2100	53.8543338	2100
740	2100	2100	53.76616707	2100
741	2100	2100	53.68303575	2100
742	2100	2100	53.54655478	2100
743	2100	2100	53.46263332	2100
744	2100	2100	53.37770329	2100
745	2100	2100	53.31981297	2100
746	2100	2100	53.24849973	2100
747	2100	2100	53.14503941	2100
748	2100	2100	53.05496428	2100
749	2100	2100	52.9589972	2100
750	2100	2100	52.91185849	2100
751	2100	2100	52.85946704	2100
752	2100	2100	52.78089445	2100
753	2100	2100	52.70519172	2100
754	2100	2100	52.67471799	2100
755	2100	2100	52.62302241	2100
756	2100	2100	52.54399462	2100
757	2100	2100	52.44633881	2100
758	2100	2100	52.38364115	2100
759	2100	2100	52.31387024	2100
760	2100	2100	52.25536289	2100
761	2100	2100	52.1849684	2100
762	2100	2100	52.13223297	2100
763	2100	2100	52.07917237	2100
764	2100	2100	52.04693382	2100
765	2100	2100	51.95438594	2100
766	2100	2100	51.84269559	2100
767	2100	2100	51.75173722	2100
768	2100	2100	51.70080344	2100
769	2100	2100	51.59081241	2100
770	2100	2100	51.48344488	2100
771	2100	2100	51.38043032	2100
772	2100	2100	51.28105949	2100
773	2100	2100	51.19261235	2100
774	2100	2100	51.08614564	2100
775	2100	2100	50.99859669	2100
776	2100	2100	50.90733958	2100
777	2100	2100	50.85349191	2100
778	2100	2100	50.7535616	2100
779	2100	2100	50.68682625	2100
780	2100	2100	50.63826899	2100
781	2100	2100	50.59699722	2100
782	2100	2100	50.54972684	2100
783	2100	2100	50.5198776	2100
784	2100	2100	50.45419611	2100
785	2100	2100	50.36260748	2100
786	2100	2100	50.27467384	2100
787	2100	2100	50.19668512	2100
788	2100	2100	50.11344575	2100
789	2100	2100	50.03988688	2100
790	2100	2100	49.92410923	2100
791	2100	2100	49.87294518	2100
792	2100	2100	49.83020838	2100
793	2100	2100	49.79344659	2100
794	2100	2100	49.74034031	2100
795	2100	2100	49.65247479	2100
796	2100	2100	49.60661055	2100
797	2100	2100	49.57146269	2100
798	2100	2100	49.51906484	2100
799	2100	2100	49.45423101	2100
800	2100	2100	49.37717361	2100
801	2100	2100	49.27957985	2100
802	2100	2100	49.23701034	2100
803	2100	2100	49.14217397	2100
804	2100	2100	49.09645067	2100
805	2100	2100	49.0337242	2100
806	2100	2100	48.97560251	2100
807	2100	2100	48.91444811	2100
808	2100	2100	48.8535349	2100
809	2100	2100	48.78740638	2100
810	2100	2100	48.73017086	2100
811	2100	2100	48.67555825	2100
812	2100	2100	48.59449887	2100
813	2100	2100	48.52586266	2100
814	2100	2100	48.44704819	2100
815	2100	2100	48.38100995	2100
816	2100	2100	48.28128982	2100
817	2100	2100	48.2288592	2100
818	2100	2100	48.13967475	2100
819	2100	2100	48.07847613	2100
820	2100	2100	48.00053135	2100
821	2100	2100	47.97292226	2100
822	2100	2100	47.9080978	2100
823	2100	2100	47.8207656	2100
824	2100	2100	47.78073218	2100
825	2100	2100	47.74588202	2100
826	2100	2100	47.69181052	2100
827	2100	2100	47.65524004	2100
828	2100	2100	47.58353779	2100
829	2100	2100	47.53656725	2100
830	2100	2100	47.49371196	2100
831	2100	2100	47.44217328	2100
832	2100	2100	47.38843728	2100
833	2100	2100	47.31111881	2100
834	2100	2100	47.24386962	2100
835	2100	2100	47.16625011	2100
836	2100	2100	47.08166309	2100
837	2100	2100	47.02932459	2100
838	2100	2100	46.97004698	2100
839	2100	2100	46.92786855	2100
840	2100	2100	46.84721667	2100
841	2100	2100	46.75914143	2100
842	2100	2100	46.72855459	2100
843	2100	2100	46.60180558	2100
844	2100	2100	46.51612121	2100
845	2100	2100	46.43243392	2100
846	2100	2100	46.36254763	2100
847	2100	2100	46.31703384	2100
848	2100	2100	46.22486279	2100
849	2100	2100	46.15382828	2100
850	2100	2100	46.08716334	2100
851	2100	2100	46.0181337	2100
852	2100	2100	45.98706111	2100
853	2100	2100	45.91396071	2100
854	2100	2100	45.82600179	2100
855	2100	2100	45.77755096	2100
856	2100	2100	45.73264257	2100
857	2100	2100	45.6635274	2100
858	2100	2100	45.58112431	2100
859	2100	2100	45.50577416	2100
860	2100	2100	45.45267809	2100
861	2100	2100	45.42145059	2100
862	2100	2100	45.35256786	2100
863	2100	2100	45.29860412	2100
864	2100	2100	45.24587014	2100
865	2100	2100	45.20093488	2100
866	2100	2100	45.15129533	2100
867	2100	2100	45.1178647	2100
868	2100	2100	45.08563866	2100
869	2100	2100	45.0505952	2100
870	2100	2100	44.96963384	2100
871	2100	2100	44.95099497	2100
872	2100	2100	44.89189443	2100
873	2100	2100	44.82198682	2100
874	2100	2100	44.74638644	2100
875	2100	2100	44.6972192	2100
876	2100	2100	44.66083762	2100
877	2100	2100	44.59337853	2100
878	2100	2100	44.54909943	2100
879	2100	2100	44.49836868	2100
880	2100	2100	44.38013166	2100
881	2100	2100	44.34714951	2100
882	2100	2100	44.29420973	2100
883	2100	2100	44.24036462	2100
884	2100	2100	44.18857614	2100
885	2100	2100	44.14252474	2100
886	2100	2100	44.07989086	2100
887	2100	2100	43.98455768	2100
888	2100	2100	43.92264642	2100
889	2100	2100	43.883655	2100
890	2100	2100	43.84658024	2100
891	2100	2100	43.79482742	2100
892	2100	2100	43.76374534	2100
893	2100	2100	43.6952712	2100
894	2100	2100	43.61590806	2100
895	2100	2100	43.54314113	2100
896	2100	2100	43.50254731	2100
897	2100	2100	43.47644432	2100
898	2100	2100	43.4254427	2100
899	2100	2100	43.37208223	2100
900	2100	2100	43.30850865	2100
901	2100	2100	43.24736759	2100
902	2100	2100	43.18795905	2100
903	2100	2100	43.11607175	2100
904	2100	2100	43.07423716	2100
905	2100	2100	43.00736725	2100
906	2100	2100	42.95647818	2100
907	2100	2100	42.91958414	2100
908	2100	2100	42.84371665	2100
909	2100	2100	42.75895959	2100
910	2100	2100	42.70533209	2100
911	2100	2100	42.65912962	2100
912	2100	2100	42.61084503	2100
913	2100	2100	42.54929918	2100
914	2100	2100	42.48504964	2100
915	2100	2100	42.43595613	2100
916	2100	2100	42.3690811	2100
917	2100	2100	42.31246062	2100
918	2100	2100	42.27775934	2100
919	2100	2100	42.24571284	2100
920	2100	2100	42.2014836	2100
921	2100	2100	42.18231479	2100
922	2100	2100	42.12207562	2100
923	2100	2100	42.07068692	2100
924	2100	2100	42.06208988	2100
925	2100	2100	42.03214904	2100
926	2100	2100	41.97816499	2100
927	2100	2100	41.92817224	2100
928	2100	2100	41.85309267	2100
929	2100	2100	41.79798183	2100
930	2100	2100	41.75772873	2100
931	2100	2100	41.68871066	2100
932	2100	2100	41.64658765	2100
933	2100	2100	41.61727336	2100
934	2100	2100	41.54976255	2100
935	2100	2100	41.50319545	2100
936	2100	2100	41.45240174	2100
937	2100	2100	41.38388362	2100
938	2100	2100	41.35537818	2100
939	2100	2100	41.3043847	2100
940	2100	2100	41.24231763	2100
941	2100	2100	41.18620916	2100
942	2100	2100	41.14504624	2100
943	2100	2100	41.09001572	2100
944	2100	2100	41.03968453	2100
945	2100	2100	40.96870505	2100
946	2100	2100	40.88520973	2100
947	2100	2100	40.80625983	2100
948	2100	2100	40.78266278	2100
949	2100	2100	40.74102282	2100
950	2100	2100	40.66337766	2100
951	2100	2100	40.62424447	2100
952	2100	2100	40.55213274	2100
953	2100	2100	40.53027712	2100
954	2100	2100	40.50570721	2100
955	2100	2100	40.46978242	2100
956	2100	2100	40.40687439	2100
957	2100	2100	40.29450601	2100
958	2100	2100	40.27606261	2100
959	2100	2100	40.22064992	2100
960	2100	2100	40.17601027	2100
961	2100	2100	40.12415885	2100
962	2100	2100	40.0581083	2100
963	2100	2100	40.01273013	2100
964	2100	2100	39.97381076	2100
965	2100	2100	39.92673938	2100
966	2100	2100	39.88125939	2100
967	2100	2100	39.83665044	2100
968	2100	2100	39.77987051	2100
969	2100	2100	39.73013649	2100
970	2100	2100	39.68942982	2100
971	2100	2100	39.65584352	2100
972	2100	2100	39.61227981	2100
973	2100	2100	39.54698345	2100
974	2100	2100	39.5249595	2100
975	2100	2100	39.5037019	2100
976	2100	2100	39.47355369	2100
977	2100	2100	39.41898251	2100
978	2100	2100	39.37175541	2100
979	2100	2100	39.30642078	2100
980	2100	2100	39.2666184	2100
981	2100	2100	39.23584332	2100
982	2100	2100	39.17114889	2100
983	2100	2100	39.11815199	2100
984	2100	2100	39.09085291	2100
985	2100	2100	39.01906791	2100
986	2100	2100	38.96752409	2100
987	2100	2100	38.93200039	2100
988	2100	2100	38.85904236	2100
989	2100	2100	38.82862212	2100
990	2100	2100	38.77817064	2100
991	2100	2100	38.73995033	2100
992	2100	2100	38.67848561	2100
993	2100	2100	38.62319006	2100
994	2100	2100	38.58712116	2100
995	2100	2100	38.52978458	2100
996	2100	2100	38.47494395	2100
997	2100	2100	38.43572249	2100
998	2100	2100	38.40104101	2100
999	2100	2100	38.3593217	2100
1000	2100	2100	38.32004495	2100
1001	2100	2100	38.27825197	2100
1002	2100	2100	38.23099887	2100
1003	2100	2100	38.21002562	2100
1004	2100	2100	38.18002183	2100
1005	2100	2100	38.15470703	2100
1006	2100	2100	38.11961153	2100
1007	2100	2100	38.08482477	2100
1008	2100	2100	38.05050063	2100
1009	2100	2100	37.99754031	2100
1010	2100	2100	37.96735479	2100
1011	2100	2100	37.93149124	2100
1012	2100	2100	37.85484129	2100
1013	2100	2100	37.82710724	2100
1014	2100	2100	37.76547933	2100
1015	2100	2100	37.73391812	2100
1016	2100	2100	37.69015858	2100
1017	2100	2100	37.63588666	2100
1018	2100	2100	37.58221815	2100
1019	2100	2100	37.53971631	2100
1020	2100	2100	37.4529036	2100
1021	2100	2100	37.39494817	2100
1022	2100	2100	37.36370776	2100
1023	2100	2100	37.32422497	2100
1024	2100	2100	37.29609646	2100
1025	2100	2100	37.24665769	2100
1026	2100	2100	37.21472485	2100
1027	2100	2100	37.18251692	2100
1028	2100	2100	37.13531271	2100
1029	2100	2100	37.10671279	2100
1030	2100	2100	37.0827682	2100
1031	2100	2100	37.06717164	2100
1032	2100	2100	36.99794354	2100
1033	2100	2100	36.96418092	2100
1034	2100	2100	36.92143217	2100
1035	2100	2100	36.89548578	2100
1036	2100	2100	36.85409901	2100
1037	2100	2100	36.83022142	2100
1038	2100	2100	36.78812542	2100
1039	2100	2100	36.75536224	2100
1040	2100	2100	36.71130301	2100
1041	2100	2100	36.68520124	2100
1042	2100	2100	36.6612489	2100
1043	2100	2100	36.63809546	2100
1044	2100	2100	36.5823983	2100
1045	2100	2100	36.56620417	2100
1046	2100	2100	36.55283594	2100
1047	2100	2100	36.50765744	2100
1048	2100	2100	36.47543782	2100
1049	2100	2100	36.44897739	2100
1050	2100	2100	36.38105715	2100
1051	2100	2100	36.34209971	2100
1052	2100	2100	36.30979356	2100
1053	2100	2100	36.25665805	2100
1054	2100	2100	36.21898011	2100
1055	2100	2100	36.19047082	2100
1056	2100	2100	36.16179294	2100
1057	2100	2100	36.11352418	2100
1058	2100	2100	36.05571736	2100
1059	2100	2100	36.02482386	2100
1060	2100	2100	35.96004444	2100
1061	2100	2100	35.93120218	2100
1062	2100	2100	35.91687508	2100
1063	2100	2100	35.87878174	2100
1064	2100	2100	35.86310439	2100
1065	2100	2100	35.83943292	2100
1066	2100	2100	35.81152941	2100
1067	2100	2100	35.76508653	2100
1068	2100	2100	35.72820991	2100
1069	2100	2100	35.69302744	2100
1070	2100	2100	35.66068682	2100
1071	2100	2100	35.63487102	2100
1072	2100	2100	35.60636717	2100
1073	2100	2100	35.54716315	2100
1074	2100	2100	35.5027002	2100
1075	2100	2100	35.46100122	2100
1076	2100	2100	35.44307675	2100
1077	2100	2100	35.4158234	2100
1078	2100	2100	35.39058345	2100
1079	2100	2100	35.34959456	2100
1080	2100	2100	35.31089451	2100
1081	2100	2100	35.26882417	2100
1082	2100	2100	35.23211524	2100
1083	2100	2100	35.19028009	2100
1084	2100	2100	35.15734726	2100
1085	2100	2100	35.1021153	2100
1086	2100	2100	35.07869053	2100
1087	2100	2100	35.0582481	2100
1088	2100	2100	35.03242851	2100
1089	2100	2100	34.98806923	2100
1090	2100	2100	34.94784453	2100
1091	2100	2100	34.91910984	2100
1092	2100	2100	34.90441254	2100
1093	2100	2100	34.87059972	2100
1094	2100	2100	34.82614354	2100
1095	2100	2100	34.78126421	2100
1096	2100	2100	34.72754038	2100
1097	2100	2100	34.6684349	2100
1098	2100	2100	34.624531	2100
1099	2100	2100	34.57911442	2100
1100	2100	2100	34.54224935	2100
1101	2100	2100	34.5127541	2100
1102	2100	2100	34.49110891	2100
1103	2100	2100	34.45273998	2100
1104	2100	2100	34.41456684	2100
1105	2100	2100	34.35431033	2100
1106	2100	2100	34.33304248	2100
1107	2100	2100	34.30542009	2100
1108	2100	2100	34.25698622	2100
1109	2100	2100	34.18527362	2100
1110	2100	2100	34.15487945	2100
1111	2100	2100	34.12381764	2100
1112	2100	2100	34.09551386	2100
1113	2100	2100	34.0487093	2100
1114	2100	2100	34.01957151	2100
1115	2100	2100	33.97945077	2100
1116	2100	2100	33.93956812	2100
1117	2100	2100	33.87605451	2100
1118	2100	2100	33.82452994	2100
1119	2100	2100	33.79694975	2100
1120	2100	2100	33.7470772	2100
1121	2100	2100	33.72212663	2100
1122	2100	2100	33.71121668	2100
1123	2100	2100	33.6976961	2100
1124	2100	2100	33.6819936	2100
1125	2100	2100	33.64519764	2100
1126	2100	2100	33.60792932	2100
1127	2100	2100	33.55442437	2100
1128	2100	2100	33.51320036	2100
1129	2100	2100	33.47535884	2100
1130	2100	2100	33.43549053	2100
1131	2100	2100	33.40839131	2100
1132	2100	2100	33.38321567	2100
1133	2100	2100	33.36453045	2100
1134	2100	2100	33.3414099	2100
1135	2100	2100	33.30241129	2100
1136	2100	2100	33.27584993	2100
1137	2100	2100	33.24290732	2100
1138	2100	2100	33.18490447	2100
1139	2100	2100	33.15643861	2100
1140	2100	2100	33.11305106	2100
1141	2100	2100	33.07040296	2100
1142	2100	2100	33.03436416	2100
1143	2100	2100	33.00465523	2100
1144	2100	2100	32.98208589	2100
1145	2100	2100	32.95621914	2100
1146	2100	2100	32.90451384	2100
1147	2100	2100	32.88621658	2100
1148	2100	2100	32.85304832	2100
1149	2100	2100	32.81131341	2100
1150	2100	2100	32.78804853	2100
1151	2100	2100	32.74975663	2100
1152	2100	2100	32.73489984	2100
1153	2100	2100	32.68592995	2100
1154	2100	2100	32.64448662	2100
1155	2100	2100	32.60307973	2100
1156	2100	2100	32.57392351	2100
1157	2100	2100	32.52046936	2100
1158	2100	2100	32.49130732	2100
1159	2100	2100	32.45347717	2100
1160	2100	2100	32.39854824	2100
1161	2100	2100	32.38482806	2100
1162	2100	2100	32.35094253	2100
1163	2100	2100	32.29580821	2100
1164	2100	2100	32.2517873	2100
1165	2100	2100	32.21948277	2100
1166	2100	2100	32.18557033	2100
1167	2100	2100	32.15568401	2100
1168	2100	2100	32.122307	2100
1169	2100	2100	32.08339719	2100
1170	2100	2100	32.05599767	2100
1171	2100	2100	32.0228625	2100
1172	2100	2100	32.00900129	2100
1173	2100	2100	31.97379014	2100
1174	2100	2100	31.9408947	2100
1175	2100	2100	31.92130636	2100
1176	2100	2100	31.89169436	2100
1177	2100	2100	31.86720788	2100
1178	2100	2100	31.83585124	2100
1179	2100	2100	31.80172391	2100
1180	2100	2100	31.76450194	2100
1181	2100	2100	31.71649993	2100
1182	2100	2100	31.70208827	2100
1183	2100	2100	31.67431659	2100
1184	2100	2100	31.61954891	2100
1185	2100	2100	31.59415837	2100
1186	2100	2100	31.55054338	2100
1187	2100	2100	31.50459263	2100
1188	2100	2100	31.43824145	2100
1189	2100	2100	31.39603515	2100
1190	2100	2100	31.36601959	2100
1191	2100	2100	31.32437554	2100
1192	2100	2100	31.30448597	2100
1193	2100	2100	31.2633191	2100
1194	2100	2100	31.23831907	2100
1195	2100	2100	31.20101025	2100
1196	2100	2100	31.16433865	2100
1197	2100	2100	31.1365285	2100
1198	2100	2100	31.09708669	2100
1199	2100	2100	31.06125196	2100
1200	2100	2100	31.02377535	2100
1201	2100	2100	30.98834673	2100
1202	2100	2100	30.93294759	2100
1203	2100	2100	30.89986021	2100
1204	2100	2100	30.87821453	2100
1205	2100	2100	30.85043353	2100
1206	2100	2100	30.82074466	2100
1207	2100	2100	30.77678376	2100
1208	2100	2100	30.75774234	2100
1209	2100	2100	30.73793885	2100
1210	2100	2100	30.70312514	2100
1211	2100	2100	30.68101756	2100
1212	2100	2100	30.66034112	2100
1213	2100	2100	30.63491331	2100
1214	2100	2100	30.6106609	2100
1215	2100	2100	30.58833208	2100
1216	2100	2100	30.55912246	2100
1217	2100	2100	30.53187894	2100
1218	2100	2100	30.51373528	2100
1219	2100	2100	30.48045319	2100
1220	2100	2100	30.46924405	2100
1221	2100	2100	30.44569531	2100
1222	2100	2100	30.40882021	2100
1223	2100	2100	30.38812687	2100
1224	2100	2100	30.37151803	2100
1225	2100	2100	30.32843137	2100
1226	2100	2100	30.29807477	2100
1227	2100	2100	30.2743056	2100
1228	2100	2100	30.22869397	2100
1229	2100	2100	30.196081	2100
1230	2100	2100	30.18004571	2100
1231	2100	2100	30.15678236	2100
1232	2100	2100	30.10304677	2100
1233	2100	2100	30.07572219	2100
1234	2100	2100	30.06108747	2100
1235	2100	2100	30.04222841	2100
1236	2100	2100	30.00419327	2100
1237	2100	2100	29.98472703	2100
1238	2100	2100	29.95209364	2100
1239	2100	2100	29.93625162	2100
1240	2100	2100	29.92417425	2100
1241	2100	2100	29.90152611	2100
1242	2100	2100	29.88279265	2100
1243	2100	2100	29.84937307	2100
1244	2100	2100	29.81526379	2100
1245	2100	2100	29.79641363	2100
1246	2100	2100	29.77960793	2100
1247	2100	2100	29.76446642	2100
1248	2100	2100	29.73079381	2100
1249	2100	2100	29.70082096	2100
1250	2100	2100	29.67595103	2100
1251	2100	2100	29.65316694	2100
1252	2100	2100	29.64479289	2100
1253	2100	2100	29.60442164	2100
1254	2100	2100	29.56105999	2100
1255	2100	2100	29.54874386	2100
1256	2100	2100	29.52998881	2100
1257	2100	2100	29.49727982	2100
1258	2100	2100	29.47467659	2100
1259	2100	2100	29.44363532	2100
1260	2100	2100	29.41506839	2100
1261	2100	2100	29.38205188	2100
1262	2100	2100	29.35674783	2100
1263	2100	2100	29.32951126	2100
1264	2100	2100	29.30597828	2100
1265	2100	2100	29.26987941	2100
1266	2100	2100	29.25104599	2100
1267	2100	2100	29.23130318	2100
1268	2100	2100	29.20869366	2100
1269	2100	2100	29.17705019	2100
1270	2100	2100	29.15868919	2100
1271	2100	2100	29.1328812	2100
1272	2100	2100	29.10173085	2100
1273	2100	2100	29.07349115	2100
1274	2100	2100	29.04985258	2100
1275	2100	2100	29.02861694	2100
1276	2100	2100	28.99962377	2100
1277	2100	2100	28.96655369	2100
1278	2100	2100	28.92079824	2100
1279	2100	2100	28.8931298	2100
1280	2100	2100	28.85098701	2100
1281	2100	2100	28.81430259	2100
1282	2100	2100	28.78997194	2100
1283	2100	2100	28.77833557	2100
1284	2100	2100	28.76003397	2100
1285	2100	2100	28.7253904	2100
1286	2100	2100	28.6950679	2100
1287	2100	2100	28.67375823	2100
1288	2100	2100	28.64801998	2100
1289	2100	2100	28.61790999	2100
1290	2100	2100	28.577369	2100
1291	2100	2100	28.53922082	2100
1292	2100	2100	28.51441785	2100
1293	2100	2100	28.4742295	2100
1294	2100	2100	28.42429244	2100
1295	2100	2100	28.39894838	2100
1296	2100	2100	28.38895986	2100
1297	2100	2100	28.3410219	2100
1298	2100	2100	28.32384746	2100
1299	2100	2100	28.31221128	2100
1300	2100	2100	28.29430724	2100
1301	2100	2100	28.27743442	2100
1302	2100	2100	28.23433866	2100
1303	2100	2100	28.20459273	2100
1304	2100	2100	28.17662178	2100
1305	2100	2100	28.14170701	2100
1306	2100	2100	28.11435907	2100
1307	2100	2100	28.06448842	2100
1308	2100	2100	28.03864437	2100
1309	2100	2100	28.00760424	2100
1310	2100	2100	27.98910055	2100
1311	2100	2100	27.96126718	2100
1312	2100	2100	27.92281196	2100
1313	2100	2100	27.89789097	2100
1314	2100	2100	27.87222427	2100
1315	2100	2100	27.8337181	2100
1316	2100	2100	27.79779876	2100
1317	2100	2100	27.76463338	2100
1318	2100	2100	27.74124045	2100
1319	2100	2100	27.72211004	2100
1320	2100	2100	27.68818484	2100
1321	2100	2100	27.66416902	2100
1322	2100	2100	27.65106702	2100
1323	2100	2100	27.63088323	2100
1324	2100	2100	27.60009593	2100
1325	2100	2100	27.57033879	2100
1326	2100	2100	27.5509888	2100
1327	2100	2100	27.52364592	2100
1328	2100	2100	27.50314935	2100
1329	2100	2100	27.47443833	2100
1330	2100	2100	27.45501095	2100
1331	2100	2100	27.42672704	2100
1332	2100	2100	27.4035868	2100
1333	2100	2100	27.373519	2100
1334	2100	2100	27.35403527	2100
1335	2100	2100	27.31601833	2100
1336	2100	2100	27.30293882	2100
1337	2100	2100	27.28489449	2100
1338	2100	2100	27.26302173	2100
1339	2100	2100	27.23281341	2100
1340	2100	2100	27.20518564	2100
1341	2100	2100	27.17970869	2100
1342	2100	2100	27.15019997	2100
1343	2100	2100	27.13403382	2100
1344	2100	2100	27.11846787	2100
1345	2100	2100	27.10042565	2100
1346	2100	2100	27.06879959	2100
1347	2100	2100	27.04511856	2100
1348	2100	2100	27.03642597	2100
1349	2100	2100	27.02016622	2100
1350	2100	2100	26.99696405	2100
1351	2100	2100	26.97762098	2100
1352	2100	2100	26.9444233	2100
1353	2100	2100	26.91428905	2100
1354	2100	2100	26.88673188	2100
1355	2100	2100	26.86729007	2100
1356	2100	2100	26.84101373	2100
1357	2100	2100	26.80883331	2100
1358	2100	2100	26.80087118	2100
1359	2100	2100	26.76837182	2100
1360	2100	2100	26.72768024	2100
1361	2100	2100	26.70536265	2100
1362	2100	2100	26.68669194	2100
1363	2100	2100	26.67431022	2100
1364	2100	2100	26.64608792	2100
1365	2100	2100	26.62057809	2100
1366	2100	2100	26.59094213	2100
1367	2100	2100	26.56322495	2100
1368	2100	2100	26.53392272	2100
1369	2100	2100	26.51688198	2100
1370	2100	2100	26.50369435	2100
1371	2100	2100	26.46726065	2100
1372	2100	2100	26.44089427	2100
1373	2100	2100	26.41392502	2100
1374	2100	2100	26.39535325	2100
1375	2100	2100	26.36946894	2100
1376	2100	2100	26.35721227	2100
1377	2100	2100	26.31807172	2100
1378	2100	2100	26.28223407	2100
1379	2100	2100	26.2631823	2100
1380	2100	2100	26.243006	2100
1381	2100	2100	26.21985084	2100
1382	2100	2100	26.18561289	2100
1383	2100	2100	26.16642909	2100
1384	2100	2100	26.13548105	2100
1385	2100	2100	26.10986239	2100
1386	2100	2100	26.08906725	2100
1387	2100	2100	26.06027297	2100
1388	2100	2100	26.03991526	2100
1389	2100	2100	26.00902489	2100
1390	2100	2100	25.98492297	2100
1391	2100	2100	25.95129332	2100
1392	2100	2100	25.91977092	2100
1393	2100	2100	25.89196497	2100
1394	2100	2100	25.87391274	2100
1395	2100	2100	25.84630386	2100
1396	2100	2100	25.82792467	2100
1397	2100	2100	25.80900804	2100
1398	2100	2100	25.78929206	2100
1399	2100	2100	25.76706382	2100
1400	2100	2100	25.74073551	2100
1401	2100	2100	25.72288236	2100
1402	2100	2100	25.69084945	2100
1403	2100	2100	25.66706129	2100
1404	2100	2100	25.65558709	2100
1405	2100	2100	25.62391641	2100
1406	2100	2100	25.61464526	2100
1407	2100	2100	25.5986547	2100
1408	2100	2100	25.57683548	2100
1409	2100	2100	25.56206488	2100
1410	2100	2100	25.53618309	2100
1411	2100	2100	25.51655615	2100
1412	2100	2100	25.4911718	2100
1413	2100	2100	25.46183956	2100
1414	2100	2100	25.43252134	2100
1415	2100	2100	25.40540736	2100
1416	2100	2100	25.38176565	2100
1417	2100	2100	25.35718299	2100
1418	2100	2100	25.33471877	2100
1419	2100	2100	25.3199232	2100
1420	2100	2100	25.29979273	2100
1421	2100	2100	25.2696939	2100
1422	2100	2100	25.23546065	2100
1423	2100	2100	25.20506822	2100
1424	2100	2100	25.18026144	2100
1425	2100	2100	25.1442262	2100
1426	2100	2100	25.12675713	2100
1427	2100	2100	25.10739999	2100
1428	2100	2100	25.07483548	2100
1429	2100	2100	25.04240361	2100
1430	2100	2100	25.02431102	2100
1431	2100	2100	24.99430565	2100
1432	2100	2100	24.98104512	2100
1433	2100	2100	24.96298644	2100
1434	2100	2100	24.95394507	2100
1435	2100	2100	24.92662465	2100
1436	2100	2100	24.90834741	2100
1437	2100	2100	24.88952011	2100
1438	2100	2100	24.86215331	2100
1439	2100	2100	24.83520157	2100
1440	2100	2100	24.81118058	2100
1441	2100	2100	24.79757305	2100
1442	2100	2100	24.77601173	2100
1443	2100	2100	24.75540835	2100
1444	2100	2100	24.74617758	2100
1445	2100	2100	24.72932644	2100
1446	2100	2100	24.71395165	2100
1447	2100	2100	24.68280114	2100
1448	2100	2100	24.65050896	2100
1449	2100	2100	24.64081479	2100
1450	2100	2100	24.62143322	2100
1451	2100	2100	24.61088848	2100
1452	2100	2100	24.58852875	2100
1453	2100	2100	24.56543395	2100
1454	2100	2100	24.54877684	2100
1455	2100	2100	24.52234232	2100
1456	2100	2100	24.49328892	2100
1457	2100	2100	24.48081084	2100
1458	2100	2100	24.47003915	2100
1459	2100	2100	24.44278286	2100
1460	2100	2100	24.42251139	2100
1461	2100	2100	24.41023847	2100
1462	2100	2100	24.37626282	2100
1463	2100	2100	24.35715117	2100
1464	2100	2100	24.32618828	2100
1465	2100	2100	24.31420915	2100
1466	2100	2100	24.30685011	2100
1467	2100	2100	24.28801019	2100
1468	2100	2100	24.27000795	2100
1469	2100	2100	24.24534854	2100
1470	2100	2100	24.22783561	2100
1471	2100	2100	24.2037176	2100
1472	2100	2100	24.19313911	2100
1473	2100	2100	24.16727765	2100
1474	2100	2100	24.15517277	2100
1475	2100	2100	24.13996489	2100
1476	2100	2100	24.11923252	2100
1477	2100	2100	24.10462088	2100
1478	2100	2100	24.09310895	2100
1479	2100	2100	24.07617561	2100
1480	2100	2100	24.06253212	2100
1481	2100	2100	24.03349088	2100
1482	2100	2100	24.0214458	2100
1483	2100	2100	24.00311464	2100
1484	2100	2100	23.99322466	2100
1485	2100	2100	23.98008303	2100
1486	2100	2100	23.94846069	2100
1487	2100	2100	23.9224851	2100
1488	2100	2100	23.90355589	2100
1489	2100	2100	23.88935135	2100
1490	2100	2100	23.8682331	2100
1491	2100	2100	23.84834713	2100
1492	2100	2100	23.82736375	2100
1493	2100	2100	23.81159882	2100
1494	2100	2100	23.79315988	2100
1495	2100	2100	23.77184813	2100
1496	2100	2100	23.74640284	2100
1497	2100	2100	23.70780628	2100
1498	2100	2100	23.69142793	2100
1499	2100	2100	23.66539339	2100
1500	2100	2100	23.64556749	2100
1501	2100	2100	23.62869112	2100
1502	2100	2100	23.61009047	2100
1503	2100	2100	23.58775987	2100
1504	2100	2100	23.5668305	2100
1505	2100	2100	23.53337111	2100
1506	2100	2100	23.50910707	2100
1507	2100	2100	23.49651246	2100
1508	2100	2100	23.48026857	2100
1509	2100	2100	23.45411323	2100
1510	2100	2100	23.4471381	2100
1511	2100	2100	23.42476545	2100
1512	2100	2100	23.40393559	2100
1513	2100	2100	23.39565576	2100
1514	2100	2100	23.37360185	2100
1515	2100	2100	23.34908841	2100
1516	2100	2100	23.33184933	2100
1517	2100	2100	23.32443386	2100
1518	2100	2100	23.31114114	2100
1519	2100	2100	23.28147506	2100
1520	2100	2100	23.26255604	2100
1521	2100	2100	23.24931928	2100
1522	2100	2100	23.22255651	2100
1523	2100	2100	23.20644155	2100
1524	2100	2100	23.17383026	2100
1525	2100	2100	23.15919925	2100
1526	2100	2100	23.13904905	2100
1527	2100	2100	23.12847254	2100
1528	2100	2100	23.10722593	2100
1529	2100	2100	23.09118125	2100
1530	2100	2100	23.06238514	2100
1531	2100	2100	23.05372202	2100
1532	2100	2100	23.02323175	2100
1533	2100	2100	23.01039893	2100
1534	2100	2100	22.9844135	2100
1535	2100	2100	22.95524569	2100
1536	2100	2100	22.93640107	2100
1537	2100	2100	22.92082082	2100
1538	2100	2100	22.89663308	2100
1539	2100	2100	22.87151018	2100
1540	2100	2100	22.85374937	2100
1541	2100	2100	22.83847219	2100
1542	2100	2100	22.82434556	2100
1543	2100	2100	22.80977543	2100
1544	2100	2100	22.79814276	2100
1545	2100	2100	22.78347086	2100
1546	2100	2100	22.76298551	2100
1547	2100	2100	22.74332871	2100
1548	2100	2100	22.72590382	2100
1549	2100	2100	22.7186801	2100
1550	2100	2100	22.70757779	2100
1551	2100	2100	22.68647721	2100
1552	2100	2100	22.67623254	2100
1553	2100	2100	22.65224938	2100
1554	2100	2100	22.63228777	2100
1555	2100	2100	22.61894256	2100
1556	2100	2100	22.59555788	2100
1557	2100	2100	22.58547025	2100
1558	2100	2100	22.5587933	2100
1559	2100	2100	22.53451967	2100
1560	2100	2100	22.52087082	2100
1561	2100	2100	22.49241093	2100
1562	2100	2100	22.47179212	2100
1563	2100	2100	22.44428863	2100
1564	2100	2100	22.42460555	2100
1565	2100	2100	22.41434267	2100
1566	2100	2100	22.3988025	2100
1567	2100	2100	22.37438206	2100
1568	2100	2100	22.3543582	2100
1569	2100	2100	22.33277927	2100
1570	2100	2100	22.32198728	2100
1571	2100	2100	22.29714284	2100
1572	2100	2100	22.28474851	2100
1573	2100	2100	22.27623206	2100
1574	2100	2100	22.26359315	2100
1575	2100	2100	22.23842521	2100
1576	2100	2100	22.22304036	2100
1577	2100	2100	22.20276675	2100
1578	2100	2100	22.19473549	2100
1579	2100	2100	22.17250116	2100
1580	2100	2100	22.15706277	2100
1581	2100	2100	22.13178038	2100
1582	2100	2100	22.11682461	2100
1583	2100	2100	22.09953149	2100
1584	2100	2100	22.08337699	2100
1585	2100	2100	22.06518938	2100
1586	2100	2100	22.04679591	2100
1587	2100	2100	22.03054716	2100
1588	2100	2100	22.00998418	2100
1589	2100	2100	21.98990647	2100
1590	2100	2100	21.96560513	2100
1591	2100	2100	21.95787854	2100
1592	2100	2100	21.94125972	2100
1593	2100	2100	21.92760554	2100
1594	2100	2100	21.91182451	2100
1595	2100	2100	21.90486244	2100
1596	2100	2100	21.88541249	2100
1597	2100	2100	21.86731582	2100
1598	2100	2100	21.8381848	2100
1599	2100	2100	21.81750869	2100
1600	2100	2100	21.79243624	2100
1601	2100	2100	21.77223583	2100
1602	2100	2100	21.76454254	2100
1603	2100	2100	21.74869302	2100
1604	2100	2100	21.72590788	2100
1605	2100	2100	21.70202815	2100
1606	2100	2100	21.69179906	2100
1607	2100	2100	21.68166164	2100
1608	2100	2100	21.66336085	2100
1609	2100	2100	21.6509406	2100
1610	2100	2100	21.62610858	2100
1611	2100	2100	21.60834679	2100
1612	2100	2100	21.58423651	2100
1613	2100	2100	21.56733437	2100
1614	2100	2100	21.55383513	2100
1615	2100	2100	21.53809957	2100
1616	2100	2100	21.51610432	2100
1617	2100	2100	21.50119492	2100
1618	2100	2100	21.4933624	2100
1619	2100	2100	21.47636194	2100
1620	2100	2100	21.45576204	2100
1621	2100	2100	21.44317597	2100
1622	2100	2100	21.43242465	2100
1623	2100	2100	21.41483389	2100
1624	2100	2100	21.4040475	2100
1625	2100	2100	21.38826721	2100
1626	2100	2100	21.37819739	2100
1627	2100	2100	21.36091336	2100
1628	2100	2100	21.34019521	2100
1629	2100	2100	21.32758531	2100
1630	2100	2100	21.30593571	2100
1631	2100	2100	21.29439043	2100
1632	2100	2100	21.28209265	2100
1633	2100	2100	21.270876	2100
1634	2100	2100	21.25720034	2100
1635	2100	2100	21.24667313	2100
1636	2100	2100	21.22689874	2100
1637	2100	2100	21.20789112	2100
1638	2100	2100	21.19712946	2100
1639	2100	2100	21.18588009	2100
1640	2100	2100	21.15778936	2100
1641	2100	2100	21.14275121	2100
1642	2100	2100	21.12381847	2100
1643	2100	2100	21.1087724	2100
1644	2100	2100	21.09300587	2100
1645	2100	2100	21.07729202	2100
1646	2100	2100	21.06792901	2100
1647	2100	2100	21.05398761	2100
1648	2100	2100	21.03326021	2100
1649	2100	2100	21.01957733	2100
1650	2100	2100	21.01042428	2100
1651	2100	2100	20.99908817	2100
1652	2100	2100	20.9830829	2100
1653	2100	2100	20.96712597	2100
1654	2100	2100	20.95547363	2100
1655	2100	2100	20.94163307	2100
1656	2100	2100	20.92643165	2100
1657	2100	2100	20.91175074	2100
1658	2100	2100	20.89470399	2100
1659	2100	2100	20.87796609	2100
1660	2100	2100	20.86347206	2100
1661	2100	2100	20.85160537	2100
1662	2100	2100	20.83516919	2100
1663	2100	2100	20.82093923	2100
1664	2100	2100	20.79990606	2100
1665	2100	2100	20.78988936	2100
1666	2100	2100	20.7694872	2100
1667	2100	2100	20.75497381	2100
1668	2100	2100	20.74463543	2100
1669	2100	2100	20.73463536	2100
1670	2100	2100	20.71377056	2100
1671	2100	2100	20.69619577	2100
1672	2100	2100	20.68382511	2100
1673	2100	2100	20.67258772	2100
1674	2100	2100	20.66372328	2100
1675	2100	2100	20.64735695	2100
1676	2100	2100	20.63483255	2100
1677	2100	2100	20.61699463	2100
1678	2100	2100	20.59811479	2100
1679	2100	2100	20.58808506	2100
1680	2100	2100	20.57590509	2100
1681	2100	2100	20.55308147	2100
1682	2100	2100	20.53889297	2100
1683	2100	2100	20.52075593	2100
1684	2100	2100	20.50678096	2100
1685	2100	2100	20.49211629	2100
1686	2100	2100	20.48527326	2100
1687	2100	2100	20.46779173	2100
1688	2100	2100	20.45262459	2100
1689	2100	2100	20.4291578	2100
1690	2100	2100	20.42238984	2100
1691	2100	2100	20.41298804	2100
1692	2100	2100	20.40620287	2100
1693	2100	2100	20.39498732	2100
1694	2100	2100	20.38895014	2100
1695	2100	2100	20.3682446	2100
1696	2100	2100	20.35248493	2100
1697	2100	2100	20.33082787	2100
1698	2100	2100	20.3134036	2100
1699	2100	2100	20.30133938	2100
1700	2100	2100	20.28981166	2100
1701	2100	2100	20.27300537	2100
1702	2100	2100	20.26551922	2100
1703	2100	2100	20.24963699	2100
1704	2100	2100	20.22812021	2100
1705	2100	2100	20.21328266	2100
1706	2100	2100	20.19147721	2100
1707	2100	2100	20.17148144	2100
1708	2100	2100	20.15751971	2100
1709	2100	2100	20.14395048	2100
1710	2100	2100	20.13364089	2100
1711	2100	2100	20.11095978	2100
1712	2100	2100	20.09248036	2100
1713	2100	2100	20.07820257	2100
1714	2100	2100	20.06441137	2100
1715	2100	2100	20.05147718	2100
1716	2100	2100	20.04080668	2100
1717	2100	2100	20.0282932	2100
1718	2100	2100	20.00979672	2100
1719	2100	2100	19.98959706	2100
1720	2100	2100	19.97364336	2100
1721	2100	2100	19.96782234	2100
1722	2100	2100	19.95187051	2100
1723	2100	2100	19.93170443	2100
1724	2100	2100	19.92160989	2100
1725	2100	2100	19.90176059	2100
1726	2100	2100	19.89050582	2100
1727	2100	2100	19.87551048	2100
1728	2100	2100	19.86933659	2100
1729	2100	2100	19.85592993	2100
1730	2100	2100	19.8399628	2100
1731	2100	2100	19.82707063	2100
1732	2100	2100	19.81070281	2100
1733	2100	2100	19.78963611	2100
1734	2100	2100	19.76563379	2100
1735	2100	2100	19.7559013	2100
1736	2100	2100	19.74621202	2100
1737	2100	2100	19.73232238	2100
1738	2100	2100	19.71159822	2100
1739	2100	2100	19.69300377	2100
1740	2100	2100	19.68240082	2100
1741	2100	2100	19.66791328	2100
1742	2100	2100	19.64760269	2100
1743	2100	2100	19.64016858	2100
1744	2100	2100	19.62242439	2100
1745	2100	2100	19.61187648	2100
1746	2100	2100	19.59484321	2100
1747	2100	2100	19.58317656	2100
1748	2100	2100	19.57040364	2100
1749	2100	2100	19.56070181	2100
1750	2100	2100	19.54849989	2100
1751	2100	2100	19.53861567	2100
1752	2100	2100	19.52108433	2100
1753	2100	2100	19.49717304	2100
1754	2100	2100	19.48482139	2100
1755	2100	2100	19.46988953	2100
1756	2100	2100	19.45634378	2100
1757	2100	2100	19.44955823	2100
1758	2100	2100	19.44265166	2100
1759	2100	2100	19.4309849	2100
1760	2100	2100	19.41285902	2100
1761	2100	2100	19.40195064	2100
1762	2100	2100	19.38373812	2100
1763	2100	2100	19.37185326	2100
1764	2100	2100	19.36110829	2100
1765	2100	2100	19.35465413	2100
1766	2100	2100	19.34377346	2100
1767	2100	2100	19.32482044	2100
1768	2100	2100	19.31788606	2100
1769	2100	2100	19.30739205	2100
1770	2100	2100	19.29782977	2100
1771	2100	2100	19.2893623	2100
1772	2100	2100	19.2753573	2100
1773	2100	2100	19.24985416	2100
1774	2100	2100	19.232905	2100
1775	2100	2100	19.22355219	2100
1776	2100	2100	19.20476763	2100
1777	2100	2100	19.19042158	2100
1778	2100	2100	19.17623217	2100
1779	2100	2100	19.15819902	2100
1780	2100	2100	19.15520116	2100
1781	2100	2100	19.14589428	2100
1782	2100	2100	19.12994503	2100
1783	2100	2100	19.11990454	2100
1784	2100	2100	19.10450863	2100
1785	2100	2100	19.09675957	2100
1786	2100	2100	19.08160793	2100
1787	2100	2100	19.06795975	2100
1788	2100	2100	19.05065342	2100
1789	2100	2100	19.03573855	2100
1790	2100	2100	19.01732632	2100
1791	2100	2100	19.00320904	2100
1792	2100	2100	18.98850295	2100
1793	2100	2100	18.97014914	2100
1794	2100	2100	18.95439215	2100
1795	2100	2100	18.93704918	2100
1796	2100	2100	18.92758729	2100
1797	2100	2100	18.92018156	2100
1798	2100	2100	18.90789599	2100
1799	2100	2100	18.88728255	2100
1800	2100	2100	18.87367994	2100
1801	2100	2100	18.86621653	2100
1802	2100	2100	18.84688146	2100
1803	2100	2100	18.83989712	2100
1804	2100	2100	18.82547205	2100
1805	2100	2100	18.8173577	2100
1806	2100	2100	18.8098808	2100
1807	2100	2100	18.80248283	2100
1808	2100	2100	18.79177506	2100
1809	2100	2100	18.76564609	2100
1810	2100	2100	18.7571784	2100
1811	2100	2100	18.7480029	2100
1812	2100	2100	18.73252248	2100
1813	2100	2100	18.72085924	2100
1814	2100	2100	18.71283837	2100
1815	2100	2100	18.69725739	2100
1816	2100	2100	18.69348773	2100
1817	2100	2100	18.67729511	2100
1818	2100	2100	18.66273155	2100
1819	2100	2100	18.64926271	2100
1820	2100	2100	18.62892361	2100
1821	2100	2100	18.61360215	2100
1822	2100	2100	18.59776652	2100
1823	2100	2100	18.58884689	2100
1824	2100	2100	18.57782138	2100
1825	2100	2100	18.57137209	2100
1826	2100	2100	18.5590536	2100
1827	2100	2100	18.53671676	2100
1828	2100	2100	18.52532711	2100
1829	2100	2100	18.51378954	2100
1830	2100	2100	18.49506724	2100
1831	2100	2100	18.48829109	2100
1832	2100	2100	18.47760685	2100
1833	2100	2100	18.4702878	2100
1834	2100	2100	18.45654096	2100
1835	2100	2100	18.44773232	2100
1836	2100	2100	18.43528025	2100
1837	2100	2100	18.4108544	2100
1838	2100	2100	18.39843267	2100
1839	2100	2100	18.3880874	2100
1840	2100	2100	18.37600114	2100
1841	2100	2100	18.36628162	2100
1842	2100	2100	18.35859579	2100
1843	2100	2100	18.34917149	2100
1844	2100	2100	18.33522142	2100
1845	2100	2100	18.32696236	2100
1846	2100	2100	18.31647026	2100
1847	2100	2100	18.29519522	2100
1848	2100	2100	18.28525338	2100
1849	2100	2100	18.27360395	2100
1850	2100	2100	18.25857365	2100
1851	2100	2100	18.2449622	2100
1852	2100	2100	18.23521969	2100
1853	2100	2100	18.22434839	2100
1854	2100	2100	18.21375296	2100
1855	2100	2100	18.20424288	2100
1856	2100	2100	18.19485296	2100
1857	2100	2100	18.18151824	2100
1858	2100	2100	18.16942816	2100
1859	2100	2100	18.15358106	2100
1860	2100	2100	18.13872395	2100
1861	2100	2100	18.12992649	2100
1862	2100	2100	18.12016462	2100
1863	2100	2100	18.10814023	2100
1864	2100	2100	18.09926293	2100
1865	2100	2100	18.08231004	2100
1866	2100	2100	18.07502226	2100
1867	2100	2100	18.07163972	2100
1868	2100	2100	18.05768185	2100
1869	2100	2100	18.04819367	2100
1870	2100	2100	18.03183973	2100
1871	2100	2100	18.02365206	2100
1872	2100	2100	18.00776762	2100
1873	2100	2100	17.99896741	2100
1874	2100	2100	17.99344597	2100
1875	2100	2100	17.97389181	2100
1876	2100	2100	17.96298607	2100
1877	2100	2100	17.93753458	2100
1878	2100	2100	17.93221101	2100
1879	2100	2100	17.91792749	2100
1880	2100	2100	17.89913948	2100
1881	2100	2100	17.88427664	2100
1882	2100	2100	17.86644615	2100
1883	2100	2100	17.85971844	2100
1884	2100	2100	17.85049347	2100
1885	2100	2100	17.83952229	2100
1886	2100	2100	17.82173456	2100
1887	2100	2100	17.81038617	2100
1888	2100	2100	17.80433809	2100
1889	2100	2100	17.78911693	2100
1890	2100	2100	17.77555145	2100
1891	2100	2100	17.75743006	2100
1892	2100	2100	17.74833958	2100
1893	2100	2100	17.73915142	2100
1894	2100	2100	17.72073134	2100
1895	2100	2100	17.71457628	2100
1896	2100	2100	17.70467051	2100
1897	2100	2100	17.69493469	2100
1898	2100	2100	17.67762767	2100
1899	2100	2100	17.67097126	2100
1900	2100	2100	17.6489315	2100
1901	2100	2100	17.62842251	2100
1902	2100	2100	17.61808024	2100
1903	2100	2100	17.61175249	2100
1904	2100	2100	17.59517027	2100
1905	2100	2100	17.57668144	2100
1906	2100	2100	17.56775761	2100
1907	2100	2100	17.55748312	2100
1908	2100	2100	17.54746632	2100
1909	2100	2100	17.54001467	2100
1910	2100	2100	17.5292861	2100
1911	2100	2100	17.5210351	2100
1912	2100	2100	17.50929865	2100
1913	2100	2100	17.49365974	2100
1914	2100	2100	17.48415219	2100
1915	2100	2100	17.47340949	2100
1916	2100	2100	17.46791294	2100
1917	2100	2100	17.45592814	2100
1918	2100	2100	17.4436184	2100
1919	2100	2100	17.43079245	2100
1920	2100	2100	17.42041927	2100
1921	2100	2100	17.41168827	2100
1922	2100	2100	17.4042908	2100
1923	2100	2100	17.3964125	2100
1924	2100	2100	17.38684372	2100
1925	2100	2100	17.37609196	2100
1926	2100	2100	17.36661483	2100
1927	2100	2100	17.3522094	2100
1928	2100	2100	17.33846386	2100
1929	2100	2100	17.32661581	2100
1930	2100	2100	17.31456899	2100
1931	2100	2100	17.30665122	2100
1932	2100	2100	17.29613866	2100
1933	2100	2100	17.28961962	2100
1934	2100	2100	17.27580381	2100
1935	2100	2100	17.26308343	2100
1936	2100	2100	17.25409211	2100
1937	2100	2100	17.23960221	2100
1938	2100	2100	17.22683011	2100
1939	2100	2100	17.20497529	2100
1940	2100	2100	17.19636059	2100
1941	2100	2100	17.18554773	2100
1942	2100	2100	17.17967615	2100
1943	2100	2100	17.16866217	2100
1944	2100	2100	17.15380218	2100
1945	2100	2100	17.14168	2100
1946	2100	2100	17.13299321	2100
1947	2100	2100	17.11661112	2100
1948	2100	2100	17.10660437	2100
1949	2100	2100	17.09702299	2100
1950	2100	2100	17.09074585	2100
1951	2100	2100	17.06487543	2100
1952	2100	2100	17.05850747	2100
1953	2100	2100	17.05194833	2100
1954	2100	2100	17.04423804	2100
1955	2100	2100	17.03410556	2100
1956	2100	2100	17.02204812	2100
1957	2100	2100	17.0082417	2100
1958	2100	2100	17.00142075	2100
1959	2100	2100	16.98690751	2100
1960	2100	2100	16.97294546	2100
1961	2100	2100	16.96448913	2100
1962	2100	2100	16.95864539	2100
1963	2100	2100	16.95119031	2100
1964	2100	2100	16.94141536	2100
1965	2100	2100	16.93190707	2100
1966	2100	2100	16.92097488	2100
1967	2100	2100	16.90693128	2100
1968	2100	2100	16.89733353	2100
1969	2100	2100	16.88112777	2100
1970	2100	2100	16.86242084	2100
1971	2100	2100	16.85370458	2100
1972	2100	2100	16.8388873	2100
1973	2100	2100	16.82210976	2100
1974	2100	2100	16.81502567	2100
1975	2100	2100	16.80884835	2100
1976	2100	2100	16.79792153	2100
1977	2100	2100	16.78690553	2100
1978	2100	2100	16.78071592	2100
1979	2100	2100	16.76857815	2100
1980	2100	2100	16.75769515	2100
1981	2100	2100	16.74771731	2100
1982	2100	2100	16.73844473	2100
1983	2100	2100	16.72762092	2100
1984	2100	2100	16.71353108	2100
1985	2100	2100	16.70410961	2100
1986	2100	2100	16.69271925	2100
1987	2100	2100	16.68080667	2100
1988	2100	2100	16.66742653	2100
1989	2100	2100	16.65749821	2100
1990	2100	2100	16.64453147	2100
1991	2100	2100	16.63632381	2100
1992	2100	2100	16.62343403	2100
1993	2100	2100	16.61182553	2100
1994	2100	2100	16.60171061	2100
1995	2100	2100	16.59117057	2100
1996	2100	2100	16.58128027	2100
1997	2100	2100	16.57104005	2100
1998	2100	2100	16.56395893	2100
1999	2100	2100	16.5502068	2100
